web_scraper_order,web_scraper_start_url,pagination,Price,item_type,adress,image_link
"1772022891-1","https://sn.coinafrique.com/categorie/chaussures-homme","","10 000CFA","Chaussures  homme","Medina, Dakar, Sénégal","https://images.coinafrique.com/thumb_5791410_uploaded_image1_1772001657.jpg"
"1772022891-2","https://sn.coinafrique.com/categorie/chaussures-homme","","27 000CFA","Chaussures Prada","Dakar, Sénégal","https://images.coinafrique.com/thumb_5774787_uploaded_image1_1771102876.jpg"
"1772022891-3","https://sn.coinafrique.com/categorie/chaussures-homme","","22 500CFA","Chaussures homme","Fass, Dakar, Sénégal","https://images.coinafrique.com/thumb_5749905_uploaded_image1_1769782261.jpg"
"1772022891-4","https://sn.coinafrique.com/categorie/chaussures-homme","","20 000CFA","Chaussures homme","Yoff, Dakar, Sénégal","https://images.coinafrique.com/thumb_5788794_uploaded_image1_1771855559.jpg"
"1772022891-5","https://sn.coinafrique.com/categorie/chaussures-homme","","15 000CFA","Sandales homme","Yoff, Dakar, Sénégal","https://images.coinafrique.com/thumb_5788789_uploaded_image1_1771855394.jpg"
"1772022891-6","https://sn.coinafrique.com/categorie/chaussures-homme","","15 000CFA","Ensemble chemises et pantalons kaki","Yoff, Dakar, Sénégal","https://images.coinafrique.com/thumb_5788787_uploaded_image1_1771855309.jpg"
"1772022891-7","https://sn.coinafrique.com/categorie/chaussures-homme","","15 000CFA","Crocs Bape","Sicap Liberté, Dakar, Sénégal","https://images.coinafrique.com/thumb_5787454_uploaded_image1_1771773206.jpg"
"1772022891-8","https://sn.coinafrique.com/categorie/chaussures-homme","","25 000CFA","Chaussures  homme","Dakar, Sénégal","https://images.coinafrique.com/thumb_5771502_uploaded_image1_1770903126.jpg"
"1772022891-9","https://sn.coinafrique.com/categorie/chaussures-homme","","20 000CFA","Chaussures  homme","Dakar, Sénégal","https://images.coinafrique.com/thumb_5771511_uploaded_image1_1770903306.jpg"
"1772022891-10","https://sn.coinafrique.com/categorie/chaussures-homme","","25 000CFA","Chaussures  homme","Dakar, Sénégal","https://images.coinafrique.com/thumb_5771496_uploaded_image1_1770903006.jpg"
"1772022891-11","https://sn.coinafrique.com/categorie/chaussures-homme","","25 000CFA","Chaussures  homme","Dakar, Sénégal","https://images.coinafrique.com/thumb_5771489_uploaded_image1_1770902889.jpg"
"1772022891-12","https://sn.coinafrique.com/categorie/chaussures-homme","","25 000CFA","Chaussures  homme","Dakar, Sénégal","https://images.coinafrique.com/thumb_5771479_uploaded_image1_1770902639.jpg"
"1772022891-13","https://sn.coinafrique.com/categorie/chaussures-homme","","25 000CFA","Chaussures  homme","Dakar, Sénégal","https://images.coinafrique.com/thumb_5771468_uploaded_image1_1770902125.jpg"
"1772022891-14","https://sn.coinafrique.com/categorie/chaussures-homme","","25 000CFA","Nike P6000","Dakar, Sénégal","https://images.coinafrique.com/thumb_5771410_uploaded_image1_1770900442.jpg"
"1772022891-15","https://sn.coinafrique.com/categorie/chaussures-homme","","25 000CFA","Chaussures  homme","Dakar, Sénégal","https://images.coinafrique.com/thumb_5771415_uploaded_image1_1770900566.jpg"
"1772022891-16","https://sn.coinafrique.com/categorie/chaussures-homme","","25 000CFA","Chaussures  homme","Dakar, Sénégal","https://images.coinafrique.com/thumb_5771406_uploaded_image1_1770900318.jpg"
"1772022891-17","https://sn.coinafrique.com/categorie/chaussures-homme","","25 000CFA","Chaussures  homme","Dakar, Sénégal","https://images.coinafrique.com/thumb_5771400_uploaded_image1_1770900243.jpg"
"1772022891-18","https://sn.coinafrique.com/categorie/chaussures-homme","","25 000CFA","Chaussures  homme","Dakar, Sénégal","https://images.coinafrique.com/thumb_5771387_uploaded_image1_1770899906.jpg"
"1772022891-19","https://sn.coinafrique.com/categorie/chaussures-homme","","23 000CFA","Chaussures  homme","Dakar, Sénégal","https://images.coinafrique.com/thumb_5771394_uploaded_image1_1770900035.jpg"
"1772022891-20","https://sn.coinafrique.com/categorie/chaussures-homme","","23 000CFA","Chaussures  homme","Dakar, Sénégal","https://images.coinafrique.com/thumb_5771368_uploaded_image1_1770899493.jpg"
"1772022891-21","https://sn.coinafrique.com/categorie/chaussures-homme","","23 000CFA","Chaussures  homme","Dakar, Sénégal","https://images.coinafrique.com/thumb_5771379_uploaded_image1_1770899713.jpg"
"1772022891-22","https://sn.coinafrique.com/categorie/chaussures-homme","","9 000CFA","Vêtements homme","Dakar, Sénégal","https://images.coinafrique.com/thumb_5786720_uploaded_image1_1771716679.jpg"
"1772022891-23","https://sn.coinafrique.com/categorie/chaussures-homme","","7 500CFA","Chaussures  homme","Keur Massar, Sénégal","https://images.coinafrique.com/thumb_5784030_uploaded_image1_1771586629.jpg"
"1772022891-24","https://sn.coinafrique.com/categorie/chaussures-homme","","20 000CFA","Yeezy foam","Parcelle Assainies, Dakar, Sénégal","https://images.coinafrique.com/thumb_5782019_uploaded_image1_1771503299.jpg"
"1772022891-25","https://sn.coinafrique.com/categorie/chaussures-homme","","12 000CFA","Crocs homme","Parcelle Assainies, Dakar, Sénégal","https://images.coinafrique.com/thumb_5782015_uploaded_image1_1771503221.jpg"
"1772022891-26","https://sn.coinafrique.com/categorie/chaussures-homme","","12 000CFA","Crocs homme","Parcelle Assainies, Dakar, Sénégal","https://images.coinafrique.com/thumb_5782011_uploaded_image1_1771503146.jpg"
"1772022891-27","https://sn.coinafrique.com/categorie/chaussures-homme","","1 300CFA","Chaussures homme en cuir","Medina, Dakar, Sénégal","https://images.coinafrique.com/thumb_5777594_uploaded_image1_1771289196.jpg"
"1772022891-28","https://sn.coinafrique.com/categorie/chaussures-homme","","30 000CFA","Sneaker","Parcelle Assainies, Dakar, Sénégal","https://images.coinafrique.com/thumb_5777043_uploaded_image1_1771263740.jpg"
"1772022891-29","https://sn.coinafrique.com/categorie/chaussures-homme","","15 000CFA","Chaussures homme","Dakar, Sénégal","https://images.coinafrique.com/thumb_5774677_uploaded_image1_1771092238.jpg"
"1772022891-30","https://sn.coinafrique.com/categorie/chaussures-homme","","15 000CFA","Chaussures homme","Medina, Dakar, Sénégal","https://images.coinafrique.com/thumb_5773520_uploaded_image1_1771005361.jpg"
"1772022891-31","https://sn.coinafrique.com/categorie/chaussures-homme","","140 000CFA","Chaussures Hermès","Medina, Dakar, Sénégal","https://images.coinafrique.com/thumb_5773512_uploaded_image1_1771005158.jpg"
"1772022891-32","https://sn.coinafrique.com/categorie/chaussures-homme","","35 000CFA","Chaussures homme","Dakar, Sénégal","https://images.coinafrique.com/thumb_5771824_uploaded_image1_1770916012.jpg"
"1772022891-33","https://sn.coinafrique.com/categorie/chaussures-homme","","30 000CFA","Chaussures  homme","Dakar, Sénégal","https://images.coinafrique.com/thumb_5771821_uploaded_image1_1770915923.jpg"
"1772022891-34","https://sn.coinafrique.com/categorie/chaussures-homme","","13 000CFA","Sandales en cuir","Medina, Dakar, Sénégal","https://images.coinafrique.com/thumb_5770322_uploaded_image1_1770845540.jpg"
"1772022891-35","https://sn.coinafrique.com/categorie/chaussures-homme","","14 000CFA","Babouches en cuir","Medina, Dakar, Sénégal","https://images.coinafrique.com/thumb_5770309_uploaded_image1_1770844995.jpg"
"1772022891-36","https://sn.coinafrique.com/categorie/chaussures-homme","","25 000CFA","Chaussures  homme","Colobane, Dakar, Sénégal","https://images.coinafrique.com/thumb_5769564_uploaded_image1_1770816182.jpg"
"1772022891-37","https://sn.coinafrique.com/categorie/chaussures-homme","","20 000CFA","Chaussures  homme","Colobane, Dakar, Sénégal","https://images.coinafrique.com/thumb_5769545_uploaded_image1_1770815670.jpg"
"1772022891-38","https://sn.coinafrique.com/categorie/chaussures-homme","","20 000CFA","Chaussures  homme","Colobane, Dakar, Sénégal","https://images.coinafrique.com/thumb_5769535_uploaded_image1_1770815457.jpg"
"1772022891-39","https://sn.coinafrique.com/categorie/chaussures-homme","","15 000CFA","Chaussures  homme","Colobane, Dakar, Sénégal","https://images.coinafrique.com/thumb_5769521_uploaded_image1_1770815084.jpg"
"1772022891-40","https://sn.coinafrique.com/categorie/chaussures-homme","","25 000CFA","Chaussures  homme","Colobane, Dakar, Sénégal","https://images.coinafrique.com/thumb_5769513_uploaded_image1_1770814954.jpg"
"1772022891-41","https://sn.coinafrique.com/categorie/chaussures-homme","","15 000CFA","Palladium pampa high","Mamelles, Dakar, Sénégal","https://images.coinafrique.com/thumb_5766336_uploaded_image1_1770641061.jpg"
"1772022891-42","https://sn.coinafrique.com/categorie/chaussures-homme","","6 000CFA","Crocs sandales","Fass, Dakar, Sénégal","https://images.coinafrique.com/thumb_5714676_uploaded_image1_1768087120.jpg"
"1772022891-43","https://sn.coinafrique.com/categorie/chaussures-homme","","13 000CFA","Baskets Nike","Mariste, Dakar, Sénégal","https://images.coinafrique.com/thumb_5762812_uploaded_image1_1770417372.jpg"
"1772022891-44","https://sn.coinafrique.com/categorie/chaussures-homme","","15 000CFA","Sandales orthopédique","Dakar Plateau, Dakar, Sénégal","https://images.coinafrique.com/thumb_5762297_uploaded_image1_1770399973.jpg"
"1772022891-45","https://sn.coinafrique.com/categorie/chaussures-homme","","Prix sur demande","Chaussures homme","Yoff, Dakar, Sénégal","https://images.coinafrique.com/thumb_5760772_uploaded_image1_1770330772.jpg"
"1772022891-46","https://sn.coinafrique.com/categorie/chaussures-homme","","Prix sur demande","Chaussures homme","Yoff, Dakar, Sénégal","https://images.coinafrique.com/thumb_5760749_uploaded_image1_1770329899.jpg"
"1772022891-47","https://sn.coinafrique.com/categorie/chaussures-homme","","30 000CFA","Chaussures homme","Dakar, Sénégal","https://images.coinafrique.com/thumb_5760609_uploaded_image1_1770326218.jpg"
"1772022891-48","https://sn.coinafrique.com/categorie/chaussures-homme","","40 000CFA","Jordan 4 authentiques originales","Dakar Plateau, Dakar, Sénégal","https://images.coinafrique.com/thumb_5760593_uploaded_image1_1770325855.jpg"
"1772022891-49","https://sn.coinafrique.com/categorie/chaussures-homme","","13 000CFA","Chaussures  homme","Mariste, Dakar, Sénégal","https://images.coinafrique.com/thumb_5760425_uploaded_image1_1770321277.jpg"
"1772022891-50","https://sn.coinafrique.com/categorie/chaussures-homme","","30 000CFA","Sneakers navy flex","Colobane, Dakar, Sénégal","https://images.coinafrique.com/thumb_5759795_uploaded_image1_1770295782.jpg"
"1772022891-51","https://sn.coinafrique.com/categorie/chaussures-homme","","Prix sur demande","Baskets Adidas Samba","Dakar Plateau, Dakar, Sénégal","https://images.coinafrique.com/thumb_5758571_uploaded_image1_1770232010.jpg"
"1772022891-52","https://sn.coinafrique.com/categorie/chaussures-homme","","30 000CFA","Baskets Adidas Samba","Dakar, Sénégal","https://images.coinafrique.com/thumb_5758567_uploaded_image1_1770231739.jpg"
"1772022891-53","https://sn.coinafrique.com/categorie/chaussures-homme","","18 000CFA","Baskets Adidas/ Adistar répétitor","Dakar, Sénégal","https://images.coinafrique.com/thumb_5758312_uploaded_image1_1770221944.jpg"
"1772022891-54","https://sn.coinafrique.com/categorie/chaussures-homme","","13 000CFA","Chaussures hommes","Diamalaye 1, Dakar, Sénégal","https://images.coinafrique.com/thumb_5756505_uploaded_image1_1770135001.jpg"
"1772022891-55","https://sn.coinafrique.com/categorie/chaussures-homme","","20 000CFA","Chaussures Hermès","Dakar, Sénégal","https://images.coinafrique.com/thumb_5751239_uploaded_image1_1769862397.jpg"
"1772022891-56","https://sn.coinafrique.com/categorie/chaussures-homme","","12 000CFA","Baskets Air Force One","Ouest Foire, Dakar, Sénégal","https://images.coinafrique.com/thumb_5748304_uploaded_image1_1769701708.jpg"
"1772022891-57","https://sn.coinafrique.com/categorie/chaussures-homme","","35 000CFA","Chaussures Timberland","Colobane, Dakar, Sénégal","https://images.coinafrique.com/thumb_5748200_uploaded_image1_1769697271.jpg"
"1772022891-58","https://sn.coinafrique.com/categorie/chaussures-homme","","20 000CFA","Baskets Hugo Boss","Colobane, Dakar, Sénégal","https://images.coinafrique.com/thumb_5748195_uploaded_image1_1769697106.jpg"
"1772022891-59","https://sn.coinafrique.com/categorie/chaussures-homme","","18 000CFA","Chaussures  homme","Parcelle Assainies, Dakar, Sénégal","https://images.coinafrique.com/thumb_5747868_uploaded_image1_1769685507.jpg"
"1772022891-60","https://sn.coinafrique.com/categorie/chaussures-homme","","Prix sur demande","Chaussures orthopédique","Guediawaye, Dakar, Sénégal","https://images.coinafrique.com/thumb_5747230_uploaded_image1_1769646220.jpg"
"1772022891-61","https://sn.coinafrique.com/categorie/chaussures-homme","","22 000CFA","Chaussures  homme","Dakar, Sénégal","https://images.coinafrique.com/thumb_5746871_uploaded_image1_1769620042.jpg"
"1772022891-62","https://sn.coinafrique.com/categorie/chaussures-homme","","17 000CFA","Vans Timberland","Dakar, Sénégal","https://images.coinafrique.com/thumb_5746866_uploaded_image1_1769619782.jpg"
"1772022891-63","https://sn.coinafrique.com/categorie/chaussures-homme","","14 900CFA","Chaussures TN","Dakar, Sénégal","https://images.coinafrique.com/thumb_5745917_uploaded_image1_1769593923.jpg"
"1772022891-64","https://sn.coinafrique.com/categorie/chaussures-homme","","14 900CFA","Chaussures Campus","Dakar, Sénégal","https://images.coinafrique.com/thumb_5745914_uploaded_image1_1769593852.jpg"
"1772022891-65","https://sn.coinafrique.com/categorie/chaussures-homme","","14 900CFA","Chaussures tn","Dakar, Sénégal","https://images.coinafrique.com/thumb_5745876_uploaded_image1_1769593110.jpg"
"1772022891-66","https://sn.coinafrique.com/categorie/chaussures-homme","","14 900CFA","Chaussures Campus","Dakar, Sénégal","https://images.coinafrique.com/thumb_5745868_uploaded_image1_1769592986.jpg"
"1772022891-67","https://sn.coinafrique.com/categorie/chaussures-homme","","35 000CFA","Timberlands Louis Vouitton","Ouest Foire, Dakar, Sénégal","https://images.coinafrique.com/thumb_5740532_uploaded_image1_1769344299.jpg"
"1772022891-68","https://sn.coinafrique.com/categorie/chaussures-homme","","30 000CFA","Baskets New Balance 1000","Ouest Foire, Dakar, Sénégal","https://images.coinafrique.com/thumb_5740531_uploaded_image1_1769344168.jpg"
"1772022891-69","https://sn.coinafrique.com/categorie/chaussures-homme","","35 000CFA","Timberlands Louis Vouitton","Ouest Foire, Dakar, Sénégal","https://images.coinafrique.com/thumb_5740527_uploaded_image1_1769343954.jpg"
"1772022891-70","https://sn.coinafrique.com/categorie/chaussures-homme","","13 000CFA","Chaussures Sebago","Colobane, Dakar, Sénégal","https://images.coinafrique.com/thumb_5737758_uploaded_image1_1769194673.jpg"
"1772022891-71","https://sn.coinafrique.com/categorie/chaussures-homme","","32 000CFA","Chaussures  homme","Dakar, Sénégal","https://images.coinafrique.com/thumb_5729550_uploaded_image1_1768854964.jpg"
"1772022891-72","https://sn.coinafrique.com/categorie/chaussures-homme","","10 000CFA","Baskets Hermes Chypre","Parcelle Assainies, Dakar, Sénégal","https://images.coinafrique.com/thumb_5724452_uploaded_image1_1768570104.jpg"
"1772022891-73","https://sn.coinafrique.com/categorie/chaussures-homme","","8 000CFA","Crocs homme","Keur Massar, Sénégal","https://images.coinafrique.com/thumb_5720276_uploaded_image1_1768382635.jpg"
"1772022891-74","https://sn.coinafrique.com/categorie/chaussures-homme","","Prix sur demande","Baskets Jordan One Low","Colobane, Dakar, Sénégal","https://images.coinafrique.com/thumb_5719291_uploaded_image1_1768334077.jpg"
"1772022891-75","https://sn.coinafrique.com/categorie/chaussures-homme","","25 000CFA","Chaussures New Balance 1000","Dakar, Sénégal","https://images.coinafrique.com/thumb_5719053_uploaded_image1_1768321893.jpg"
"1772022891-76","https://sn.coinafrique.com/categorie/chaussures-homme","","25 000CFA","Chaussures New Balance 1000","Dakar, Sénégal","https://images.coinafrique.com/thumb_5719051_uploaded_image1_1768321795.jpg"
"1772022891-77","https://sn.coinafrique.com/categorie/chaussures-homme","","13 000CFA","Baskets Sebago","Colobane, Dakar, Sénégal","https://images.coinafrique.com/thumb_5719030_uploaded_image1_1768320367.jpg"
"1772022891-78","https://sn.coinafrique.com/categorie/chaussures-homme","","25 000CFA","Baskets New Balance 1000","Colobane, Dakar, Sénégal","https://images.coinafrique.com/thumb_5719027_uploaded_image1_1768320204.jpg"
"1772022891-79","https://sn.coinafrique.com/categorie/chaussures-homme","","25 000CFA","Baskets New Balance 530","Colobane, Dakar, Sénégal","https://images.coinafrique.com/thumb_5719023_uploaded_image1_1768320082.jpg"
"1772022891-80","https://sn.coinafrique.com/categorie/chaussures-homme","","20 000CFA","Baskets Adidas Samba","Colobane, Dakar, Sénégal","https://images.coinafrique.com/thumb_5719018_uploaded_image1_1768319934.jpg"
"1772022891-81","https://sn.coinafrique.com/categorie/chaussures-homme","","10 000CFA","Chaussures orthopédiques","Medina, Dakar, Sénégal","https://images.coinafrique.com/thumb_5716881_uploaded_image1_1768228848.jpg"
"1772022891-82","https://sn.coinafrique.com/categorie/chaussures-homme","","15 000CFA","Baskets Nike TN","Parcelle Assainies, Dakar, Sénégal","https://images.coinafrique.com/thumb_5716742_uploaded_image1_1768223689.jpg"
"1772022891-83","https://sn.coinafrique.com/categorie/chaussures-homme","","12 000CFA","Mocassins homme","Dakar Plateau, Dakar, Sénégal","https://images.coinafrique.com/thumb_5716397_uploaded_image1_1768212595.jpg"
"1772022891-84","https://sn.coinafrique.com/categorie/chaussures-homme","","12 000CFA","Chaussures  homme","Dakar Plateau, Dakar, Sénégal","https://images.coinafrique.com/thumb_5716365_uploaded_image1_1768211528.jpg"
